customer_id,long,lat,demand,tw_start,tw_end,value,carrier_id,reservation,service_duration
0,-0.211238484,51.44761313,1,0,1000,0,0,False,0
1,-0.233918029,51.49490204,1,0,1000,0,0,False,0
2,-0.073152055,51.44148383,1,0,1000,0,0,False,0
3,-0.219344291,51.44947398,1,0,1000,0,0,False,0
4,-0.138427622,51.48865996,1,0,1000,0,0,False,0
5,-0.187607415,51.48518055,1,0,1000,0,0,False,0
6,-0.14689416,51.4696879,1,0,1000,0,0,False,0
7,-0.075942396,51.47861189,1,0,1000,0,0,False,0
8,-0.181407659,51.51416542,1,0,1000,0,0,False,0
9,-0.156099267,51.5467754,1,0,1000,0,0,False,0
10,-0.200649341,51.44236903,1,0,1000,0,0,False,0
11,-0.039506943,51.52548464,1,0,1000,0,0,False,0
12,-0.128168414,51.47876362,1,0,1000,0,0,False,0
13,-0.052790069,51.52470318,1,0,1000,0,0,False,0
14,-0.1355229,51.42953981,1,0,1000,0,0,False,0
15,-0.156997583,51.52068488,1,0,1000,0,0,False,0
16,-0.010277612,51.45764151,1,0,1000,0,0,False,0
17,-0.141328841,51.52140263,1,0,1000,0,0,False,0
18,-0.098674468,51.48315025,1,0,1000,0,0,False,0
19,-0.050471555,51.43322283,1,0,1000,0,0,False,0
20,-0.046032589,51.56052381,1,0,1000,0,1,False,0
21,-0.184897643,51.47212093,1,0,1000,0,1,False,0
22,-0.016816514,51.42770749,1,0,1000,0,1,False,0
23,-0.037620166,51.51727684,1,0,1000,0,1,False,0
24,-0.200568228,51.45038096,1,0,1000,0,1,False,0
25,-0.20090551,51.50381078,1,0,1000,0,1,False,0
26,-0.098926152,51.54694063,1,0,1000,0,1,False,0
27,-0.03255678,51.46651108,1,0,1000,0,1,False,0
28,-0.063100674,51.47400647,1,0,1000,0,1,False,0
29,-0.022409341,51.43224328,1,0,1000,0,1,False,0
30,-0.008776075,51.5009422,1,0,1000,0,1,False,0
31,-0.201607428,51.47306827,1,0,1000,0,1,False,0
32,-0.181721646,51.43506862,1,0,1000,0,1,False,0
33,-0.033356656,51.46932132,1,0,1000,0,1,False,0
34,-0.014869076,51.42508477,1,0,1000,0,1,False,0
35,-0.21839891,51.49642292,1,0,1000,0,1,False,0
36,-0.114633585,51.45333339,1,0,1000,0,1,False,0
37,-0.02159055,51.47195424,1,0,1000,0,1,False,0
38,-0.12320854,51.56327687,1,0,1000,0,1,False,0
39,-0.067481061,51.43227792,1,0,1000,0,1,False,0
40,-0.05890732,51.53069668,1,0,1000,0,2,False,0
41,-0.119052495,51.52165044,1,0,1000,0,2,False,0
42,-0.188191633,51.48504099,1,0,1000,0,2,False,0
43,-0.005582838,51.50596715,1,0,1000,0,2,False,0
44,-0.102487037,51.5485902,1,0,1000,0,2,False,0
45,-0.158999715,51.55481073,1,0,1000,0,2,False,0
46,-0.168581609,51.55032239,1,0,1000,0,2,False,0
47,-0.023564025,51.51553996,1,0,1000,0,2,False,0
48,-0.137249354,51.52056295,1,0,1000,0,2,False,0
49,-0.246317364,51.50359931,1,0,1000,0,2,False,0
50,-0.034573178,51.55046027,1,0,1000,0,2,False,0
51,0.00866842,51.43007184,1,0,1000,0,2,False,0
52,-0.0760128,51.51767703,1,0,1000,0,2,False,0
53,-0.173209427,51.42399979,1,0,1000,0,2,False,0
54,-0.119299256,51.55888969,1,0,1000,0,2,False,0
55,-0.18335979,51.45433947,1,0,1000,0,2,False,0
56,-0.053400307,51.42716285,1,0,1000,0,2,False,0
57,-0.222976352,51.49798847,1,0,1000,0,2,False,0
58,-0.116047945,51.53096893,1,0,1000,0,2,False,0
59,-0.08033912,51.47213055,1,0,1000,0,2,False,0
60,-0.125440474,51.46623701,1,0,1000,0,3,False,0
61,-0.104837828,51.50037907,1,0,1000,0,3,False,0
62,-0.052306706,51.47341533,1,0,1000,0,3,False,0
63,-0.209446237,51.44910343,1,0,1000,0,3,False,0
64,-0.158255397,51.54185621,1,0,1000,0,3,False,0
65,-0.194144585,51.55342904,1,0,1000,0,3,False,0
66,-0.025400811,51.52536337,1,0,1000,0,3,False,0
67,-0.008599096,51.4404324,1,0,1000,0,3,False,0
68,-0.233982938,51.50613057,1,0,1000,0,3,False,0
69,-0.043800791,51.45881128,1,0,1000,0,3,False,0
70,-0.048545232,51.47534384,1,0,1000,0,3,False,0
71,-0.159963645,51.55361975,1,0,1000,0,3,False,0
72,-0.175081541,51.50084202,1,0,1000,0,3,False,0
73,-0.202981985,51.4747685,1,0,1000,0,3,False,0
74,-0.217843713,51.48474393,1,0,1000,0,3,False,0
75,-0.184045683,51.52220043,1,0,1000,0,3,False,0
76,-0.041366751,51.50928767,1,0,1000,0,3,False,0
77,-0.076145526,51.5609416,1,0,1000,0,3,False,0
78,-0.206531346,51.45096464,1,0,1000,0,3,False,0
79,-0.061058431,51.49660027,1,0,1000,0,3,False,0
80,-0.163164196,51.47173904,1,0,1000,0,4,False,0
81,-0.08128378,51.5295822,1,0,1000,0,4,False,0
82,-0.186143936,51.43738335,1,0,1000,0,4,False,0
83,-0.130512729,51.42865291,1,0,1000,0,4,False,0
84,-0.192566202,51.54993141,1,0,1000,0,4,False,0
85,-0.175532093,51.43341803,1,0,1000,0,4,False,0
86,-0.136722106,51.52176836,1,0,1000,0,4,False,0
87,-0.191661216,51.48935281,1,0,1000,0,4,False,0
88,-0.101009624,51.4752332,1,0,1000,0,4,False,0
89,-0.170781964,51.50096546,1,0,1000,0,4,False,0
90,-0.225517194,51.52383598,1,0,1000,0,4,False,0
91,-0.107978094,51.4745593,1,0,1000,0,4,False,0
92,-0.099243975,51.49275798,1,0,1000,0,4,False,0
93,-0.147640453,51.44744035,1,0,1000,0,4,False,0
94,-0.20134579,51.45696863,1,0,1000,0,4,False,0
95,-0.151137318,51.44561645,1,0,1000,0,4,False,0
96,-0.171858356,51.45979449,1,0,1000,0,4,False,0
97,-0.10990144,51.46615931,1,0,1000,0,4,False,0
98,-0.00344933,51.44826157,1,0,1000,0,4,False,0
99,-0.213344894,51.51042171,1,0,1000,0,4,False,0
100,-0.088339233,51.48554062,1,0,1000,0,5,False,0
101,-0.02911797,51.43164879,1,0,1000,0,5,False,0
102,-0.027564853,51.48090822,1,0,1000,0,5,False,0
103,-0.167018023,51.48592768,1,0,1000,0,5,False,0
104,-0.128586856,51.56720521,1,0,1000,0,5,False,0
105,-0.013940763,51.48668985,1,0,1000,0,5,False,0
106,0.016291349,51.4284129,1,0,1000,0,5,False,0
107,-0.05229102,51.49923944,1,0,1000,0,5,False,0
108,-0.10034473,51.47866858,1,0,1000,0,5,False,0
109,-0.10837026,51.47273709,1,0,1000,0,5,False,0
110,-0.126167846,51.57306779,1,0,1000,0,5,False,0
111,-0.114343688,51.49215388,1,0,1000,0,5,False,0
112,-0.176456366,51.49005266,1,0,1000,0,5,False,0
113,-0.165366586,51.52706737,1,0,1000,0,5,False,0
114,-0.024075866,51.49350392,1,0,1000,0,5,False,0
115,-0.182518741,51.54057852,1,0,1000,0,5,False,0
116,-0.05741187,51.51545823,1,0,1000,0,5,False,0
117,-0.013879817,51.48850341,1,0,1000,0,5,False,0
118,-0.095430005,51.53312276,1,0,1000,0,5,False,0
119,-0.195860032,51.44179028,1,0,1000,0,5,False,0
120,-0.192179481,51.50091757,1,0,1000,0,6,False,0
121,-0.069692128,51.51802708,1,0,1000,0,6,False,0
122,-0.192110658,51.44496764,1,0,1000,0,6,False,0
123,-0.193176869,51.5312348,1,0,1000,0,6,False,0
124,-0.178845605,51.45146035,1,0,1000,0,6,False,0
125,-0.182472886,51.49164775,1,0,1000,0,6,False,0
126,-0.069524068,51.48045043,1,0,1000,0,6,False,0
127,-0.210598715,51.45322047,1,0,1000,0,6,False,0
128,-0.127958808,51.4567533,1,0,1000,0,6,False,0
129,-0.031988958,51.46427622,1,0,1000,0,6,False,0
130,-0.05776891,51.52540178,1,0,1000,0,6,False,0
131,-0.238886079,51.49695509,1,0,1000,0,6,False,0
132,-0.13863742,51.4455143,1,0,1000,0,6,False,0
133,-0.149980971,51.48738153,1,0,1000,0,6,False,0
134,-0.050495007,51.42840772,1,0,1000,0,6,False,0
135,-0.196379365,51.52550651,1,0,1000,0,6,False,0
136,-0.194575441,51.48924258,1,0,1000,0,6,False,0
137,-0.047230737,51.515742,1,0,1000,0,6,False,0
138,-0.104551935,51.56363567,1,0,1000,0,6,False,0
139,-0.221989289,51.48328062,1,0,1000,0,6,False,0
140,-0.106487279,51.46981346,1,0,1000,0,7,False,0
141,-0.153805515,51.43077494,1,0,1000,0,7,False,0
142,-0.103984068,51.53901337,1,0,1000,0,7,False,0
143,-0.20905296,51.48575469,1,0,1000,0,7,False,0
144,-0.206643986,51.44559746,1,0,1000,0,7,False,0
145,-0.117763583,51.47463136,1,0,1000,0,7,False,0
146,-0.185683978,51.45790901,1,0,1000,0,7,False,0
147,-0.209659953,51.49024485,1,0,1000,0,7,False,0
148,-0.216361896,51.50832476,1,0,1000,0,7,False,0
149,-0.126608015,51.56863372,1,0,1000,0,7,False,0
150,-0.169534595,51.54364493,1,0,1000,0,7,False,0
151,-0.246067528,51.50421148,1,0,1000,0,7,False,0
152,-0.113306727,51.54924135,1,0,1000,0,7,False,0
153,-0.108777815,51.48895787,1,0,1000,0,7,False,0
154,-0.174152301,51.46785547,1,0,1000,0,7,False,0
155,-0.069517258,51.51761975,1,0,1000,0,7,False,0
156,-0.220487637,51.51000296,1,0,1000,0,7,False,0
157,-0.087012352,51.56431611,1,0,1000,0,7,False,0
158,-0.006641257,51.50593394,1,0,1000,0,7,False,0
159,-0.068617928,51.55746652,1,0,1000,0,7,False,0
160,-0.161786939,51.48500265,1,0,1000,0,8,False,0
161,-0.035210943,51.44035271,1,0,1000,0,8,False,0
162,-0.07496317,51.47923016,1,0,1000,0,8,False,0
163,-0.123601733,51.5236767,1,0,1000,0,8,False,0
164,-0.09976558,51.52637196,1,0,1000,0,8,False,0
165,-0.191848652,51.55374545,1,0,1000,0,8,False,0
166,-0.220416814,51.47735538,1,0,1000,0,8,False,0
167,-0.173569752,51.49065978,1,0,1000,0,8,False,0
168,-0.058382758,51.44074837,1,0,1000,0,8,False,0
169,-0.198399311,51.4969479,1,0,1000,0,8,False,0
170,-0.089649353,51.4919873,1,0,1000,0,8,False,0
171,-0.151798092,51.4730914,1,0,1000,0,8,False,0
172,-0.150664386,51.46889684,1,0,1000,0,8,False,0
173,-0.104338059,51.47983895,1,0,1000,0,8,False,0
174,-0.128633662,51.52248098,1,0,1000,0,8,False,0
175,-0.112098518,51.54545972,1,0,1000,0,8,False,0
176,-0.052463673,51.56493787,1,0,1000,0,8,False,0
177,-0.130552614,51.50912005,1,0,1000,0,8,False,0
178,-0.05339188,51.55391656,1,0,1000,0,8,False,0
179,-0.056046571,51.52304238,1,0,1000,0,8,False,0
180,-0.14823208,51.45625814,1,0,1000,0,9,False,0
181,-0.136638657,51.48983098,1,0,1000,0,9,False,0
182,-0.044207444,51.54983142,1,0,1000,0,9,False,0
183,-0.00781812,51.41591869,1,0,1000,0,9,False,0
184,-0.209788757,51.52413461,1,0,1000,0,9,False,0
185,8.51e-05,51.51360052,1,0,1000,0,9,False,0
186,-0.134926691,51.54951706,1,0,1000,0,9,False,0
187,-0.127659593,51.46581205,1,0,1000,0,9,False,0
188,-0.143690722,51.52113266,1,0,1000,0,9,False,0
189,-0.098792303,51.56774374,1,0,1000,0,9,False,0
190,-0.130773845,51.46085351,1,0,1000,0,9,False,0
191,-0.046486982,51.54375562,1,0,1000,0,9,False,0
192,-0.050977082,51.55872081,1,0,1000,0,9,False,0
193,0.018087315,51.45246889,1,0,1000,0,9,False,0
194,-0.195605312,51.4556757,1,0,1000,0,9,False,0
195,-0.183112544,51.54710249,1,0,1000,0,9,False,0
196,-0.213357185,51.51040729,1,0,1000,0,9,False,0
197,-0.188277851,51.51749609,1,0,1000,0,9,False,0
198,-0.120447287,51.53772431,1,0,1000,0,9,False,0
199,-0.091880252,51.48302807,1,0,1000,0,9,False,0
200,-0.147373341,51.43792981,1,0,1000,0,10,False,0
201,-0.133873262,51.55980677,1,0,1000,0,10,False,0
202,-0.012722975,51.51097865,1,0,1000,0,10,False,0
203,-0.093628458,51.53754475,1,0,1000,0,10,False,0
204,-0.101133525,51.53773404,1,0,1000,0,10,False,0
205,-0.143054531,51.52221773,1,0,1000,0,10,False,0
206,-0.155900491,51.44218764,1,0,1000,0,10,False,0
207,-0.208145284,51.51234293,1,0,1000,0,10,False,0
208,-0.172360332,51.51824855,1,0,1000,0,10,False,0
209,-0.170954406,51.46663065,1,0,1000,0,10,False,0
210,-0.059181948,51.50186101,1,0,1000,0,10,False,0
211,-0.188635938,51.44432374,1,0,1000,0,10,False,0
212,-0.077920673,51.55765162,1,0,1000,0,10,False,0
213,-0.187925624,51.5022066,1,0,1000,0,10,False,0
214,-0.25393027,51.46274633,1,0,1000,0,10,False,0
215,-0.114646204,51.47478815,1,0,1000,0,10,False,0
216,-0.056074119,51.46365355,1,0,1000,0,10,False,0
217,-0.089330259,51.53978089,1,0,1000,0,10,False,0
218,-0.201308419,51.46374704,1,0,1000,0,10,False,0
219,-0.225060777,51.51981426,1,0,1000,0,10,False,0
220,-0.101287517,51.55331734,1,0,1000,0,11,False,0
221,-0.065187592,51.52748705,1,0,1000,0,11,False,0
222,-0.064244984,51.51827945,1,0,1000,0,11,False,0
223,-0.161416667,51.48782234,1,0,1000,0,11,False,0
224,-0.213178618,51.45295535,1,0,1000,0,11,False,0
225,-0.133888651,51.43744381,1,0,1000,0,11,False,0
226,-0.109338434,51.49281029,1,0,1000,0,11,False,0
227,-0.246236679,51.51816931,1,0,1000,0,11,False,0
228,-0.125081144,51.56014156,1,0,1000,0,11,False,0
229,-0.073631051,51.53344911,1,0,1000,0,11,False,0
230,-0.124083629,51.42464709,1,0,1000,0,11,False,0
231,-0.112810674,51.49670616,1,0,1000,0,11,False,0
232,-0.170340856,51.51730627,1,0,1000,0,11,False,0
233,-0.049876814,51.4463314,1,0,1000,0,11,False,0
234,-0.112818151,51.45423569,1,0,1000,0,11,False,0
235,-0.032837216,51.53431869,1,0,1000,0,11,False,0
236,-0.178812898,51.52971371,1,0,1000,0,11,False,0
237,-0.117717711,51.52456803,1,0,1000,0,11,False,0
238,-0.137081999,51.5218674,1,0,1000,0,11,False,0
239,-0.245783302,51.45481732,1,0,1000,0,11,False,0
240,-0.056557831,51.48031932,1,0,1000,0,12,False,0
241,-0.067764535,51.46002592,1,0,1000,0,12,False,0
242,-0.140438789,51.53419633,1,0,1000,0,12,False,0
243,-0.209105818,51.49947074,1,0,1000,0,12,False,0
244,0.001243041,51.42868879,1,0,1000,0,12,False,0
245,-0.039671803,51.48165325,1,0,1000,0,12,False,0
246,-0.19122223,51.54339095,1,0,1000,0,12,False,0
247,-0.173751471,51.45792224,1,0,1000,0,12,False,0
248,-0.153136738,51.429384,1,0,1000,0,12,False,0
249,-0.121077531,51.46811071,1,0,1000,0,12,False,0
250,-0.151844689,51.42732155,1,0,1000,0,12,False,0
251,-0.187633804,51.51179151,1,0,1000,0,12,False,0
252,-0.033877888,51.44985006,1,0,1000,0,12,False,0
253,-0.097311382,51.55379775,1,0,1000,0,12,False,0
254,-0.141587123,51.46582201,1,0,1000,0,12,False,0
255,-0.054834593,51.44554525,1,0,1000,0,12,False,0
256,-0.108475262,51.52577787,1,0,1000,0,12,False,0
257,-0.226912201,51.49336745,1,0,1000,0,12,False,0
258,-0.096024517,51.48009789,1,0,1000,0,12,False,0
259,-0.073793961,51.50291076,1,0,1000,0,12,False,0
260,-0.160623438,51.47068267,1,0,1000,0,13,False,0
261,-0.243537865,51.50891801,1,0,1000,0,13,False,0
262,-0.06885364,51.49535681,1,0,1000,0,13,False,0
263,-0.172543701,51.55450375,1,0,1000,0,13,False,0
264,-0.11081553,51.52078443,1,0,1000,0,13,False,0
265,-0.16858031,51.49352398,1,0,1000,0,13,False,0
266,-0.090928784,51.42781948,1,0,1000,0,13,False,0
267,-0.187585646,51.54941491,1,0,1000,0,13,False,0
268,-0.208444228,51.51996553,1,0,1000,0,13,False,0
269,-0.091953405,51.54973528,1,0,1000,0,13,False,0
270,-0.042110335,51.52685291,1,0,1000,0,13,False,0
271,-0.199406643,51.48583445,1,0,1000,0,13,False,0
272,-0.11107395,51.46839589,1,0,1000,0,13,False,0
273,-0.076327465,51.56874992,1,0,1000,0,13,False,0
274,-0.190524442,51.53347377,1,0,1000,0,13,False,0
275,-0.1994338,51.47735887,1,0,1000,0,13,False,0
276,-0.158979503,51.49338747,1,0,1000,0,13,False,0
277,-0.163349021,51.51764173,1,0,1000,0,13,False,0
278,-0.11205839,51.56161786,1,0,1000,0,13,False,0
279,-0.155100032,51.4751991,1,0,1000,0,13,False,0
280,-0.051782671,51.50199983,1,0,1000,0,14,False,0
281,-0.058589007,51.52908035,1,0,1000,0,14,False,0
282,-0.070669161,51.57282446,1,0,1000,0,14,False,0
283,0.007329979,51.46508541,1,0,1000,0,14,False,0
284,0.008832997,51.45855355,1,0,1000,0,14,False,0
285,-0.087451361,51.57368788,1,0,1000,0,14,False,0
286,-0.102764481,51.53194551,1,0,1000,0,14,False,0
287,-0.217160068,51.46352228,1,0,1000,0,14,False,0
288,-0.091742246,51.52245801,1,0,1000,0,14,False,0
289,-0.104711044,51.44345492,1,0,1000,0,14,False,0
290,-0.134676707,51.55230012,1,0,1000,0,14,False,0
291,-0.137868595,51.5483444,1,0,1000,0,14,False,0
292,-0.200526873,51.552798,1,0,1000,0,14,False,0
293,-0.128333776,51.54328836,1,0,1000,0,14,False,0
294,-0.092209211,51.52742375,1,0,1000,0,14,False,0
295,-0.157853982,51.55242663,1,0,1000,0,14,False,0
296,-0.049140863,51.45778763,1,0,1000,0,14,False,0
297,-0.068282932,51.48363652,1,0,1000,0,14,False,0
298,-0.124827513,51.51775314,1,0,1000,0,14,False,0
299,-0.004549916,51.49553062,1,0,1000,0,14,False,0
300,-0.23617992,51.50625087,1,0,1000,0,15,False,0
301,-0.095084285,51.49627141,1,0,1000,0,15,False,0
302,-0.019735757,51.42478861,1,0,1000,0,15,False,0
303,-0.153309509,51.54595883,1,0,1000,0,15,False,0
304,-0.208110701,51.55329623,1,0,1000,0,15,False,0
305,-0.165644542,51.49418091,1,0,1000,0,15,False,0
306,-0.176942158,51.45918475,1,0,1000,0,15,False,0
307,-0.203839994,51.52686812,1,0,1000,0,15,False,0
308,-0.142175541,51.47016113,1,0,1000,0,15,False,0
309,-0.050823768,51.52699383,1,0,1000,0,15,False,0
310,-0.075892022,51.57367823,1,0,1000,0,15,False,0
311,-0.134959882,51.55924062,1,0,1000,0,15,False,0
312,-0.034220672,51.50542517,1,0,1000,0,15,False,0
313,-0.1109163,51.54431208,1,0,1000,0,15,False,0
314,-0.130908005,51.52987615,1,0,1000,0,15,False,0
315,-0.172010692,51.54676022,1,0,1000,0,15,False,0
316,-0.198800388,51.47021825,1,0,1000,0,15,False,0
317,-0.076899289,51.46155298,1,0,1000,0,15,False,0
318,-0.129346562,51.4478442,1,0,1000,0,15,False,0
319,-0.163772629,51.4907863,1,0,1000,0,15,False,0
320,-0.095132079,51.57165748,1,0,1000,0,16,False,0
321,-0.147416802,51.4818384,1,0,1000,0,16,False,0
322,-0.072083608,51.50872035,1,0,1000,0,16,False,0
323,-0.036467638,51.53402552,1,0,1000,0,16,False,0
324,-0.128075315,51.41460232,1,0,1000,0,16,False,0
325,-0.04135433,51.52098328,1,0,1000,0,16,False,0
326,-0.179491306,51.53840427,1,0,1000,0,16,False,0
327,-0.151535248,51.5399244,1,0,1000,0,16,False,0
328,-0.109601537,51.4991862,1,0,1000,0,16,False,0
329,-0.190118467,51.47416497,1,0,1000,0,16,False,0
330,-0.183529812,51.53163837,1,0,1000,0,16,False,0
331,-0.060718319,51.4737258,1,0,1000,0,16,False,0
332,-0.135168512,51.42106532,1,0,1000,0,16,False,0
333,-0.214750463,51.49398405,1,0,1000,0,16,False,0
334,-0.031482545,51.43415578,1,0,1000,0,16,False,0
335,-0.151629162,51.46192216,1,0,1000,0,16,False,0
336,-0.038151824,51.43842116,1,0,1000,0,16,False,0
337,-0.102121909,51.45590329,1,0,1000,0,16,False,0
338,-0.066622283,51.47725808,1,0,1000,0,16,False,0
339,-0.107895257,51.54264529,1,0,1000,0,16,False,0
340,-0.170304137,51.43079246,1,0,1000,0,17,False,0
341,-0.075470405,51.56635528,1,0,1000,0,17,False,0
342,-0.111067386,51.56673601,1,0,1000,0,17,False,0
343,-0.065571434,51.52712276,1,0,1000,0,17,False,0
344,-0.218357837,51.44740871,1,0,1000,0,17,False,0
345,-0.05195873,51.45920287,1,0,1000,0,17,False,0
346,-0.053493687,51.45732672,1,0,1000,0,17,False,0
347,-0.159664063,51.42781763,1,0,1000,0,17,False,0
348,-0.167221755,51.48590222,1,0,1000,0,17,False,0
349,-0.186717669,51.43786773,1,0,1000,0,17,False,0
350,-0.056642724,51.55606398,1,0,1000,0,17,False,0
351,-0.224712213,51.49918756,1,0,1000,0,17,False,0
352,-0.16549128,51.42189556,1,0,1000,0,17,False,0
353,-0.165978946,51.53486352,1,0,1000,0,17,False,0
354,-0.136384137,51.53929961,1,0,1000,0,17,False,0
355,-0.176028962,51.55239531,1,0,1000,0,17,False,0
356,-0.075121664,51.45644642,1,0,1000,0,17,False,0
357,-0.070883949,51.48139791,1,0,1000,0,17,False,0
358,-0.007628832,51.44458695,1,0,1000,0,17,False,0
359,-0.102996677,51.4624824,1,0,1000,0,17,False,0
360,-0.077813733,51.50191917,1,0,1000,0,18,False,0
361,-0.055987713,51.56665627,1,0,1000,0,18,False,0
362,-0.130045863,51.54201229,1,0,1000,0,18,False,0
363,-0.132186746,51.49703396,1,0,1000,0,18,False,0
364,-0.106780443,51.44333813,1,0,1000,0,18,False,0
365,0.007387049,51.44083983,1,0,1000,0,18,False,0
366,-0.102572629,51.46459645,1,0,1000,0,18,False,0
367,-0.084139193,51.47239955,1,0,1000,0,18,False,0
368,-0.201558278,51.44763472,1,0,1000,0,18,False,0
369,-0.011132192,51.46553987,1,0,1000,0,18,False,0
370,-0.063687422,51.55066229,1,0,1000,0,18,False,0
371,-0.064006013,51.51668105,1,0,1000,0,18,False,0
372,-0.142347421,51.44267877,1,0,1000,0,18,False,0
373,-0.107731392,51.43822191,1,0,1000,0,18,False,0
374,-0.049393778,51.45613973,1,0,1000,0,18,False,0
375,-0.035605151,51.51449831,1,0,1000,0,18,False,0
376,-0.006480125,51.44927113,1,0,1000,0,18,False,0
377,-0.067970635,51.47989867,1,0,1000,0,18,False,0
378,-0.05722721,51.50928308,1,0,1000,0,18,False,0
379,-0.102756571,51.4273563,1,0,1000,0,18,False,0
380,-0.137103113,51.41403823,1,0,1000,0,19,False,0
381,-0.118928572,51.46055578,1,0,1000,0,19,False,0
382,-0.120223574,51.52855712,1,0,1000,0,19,False,0
383,-0.135763582,51.46516465,1,0,1000,0,19,False,0
384,-0.073257197,51.49781371,1,0,1000,0,19,False,0
385,-0.135097746,51.5668288,1,0,1000,0,19,False,0
386,-0.087956708,51.5468686,1,0,1000,0,19,False,0
387,-0.182898829,51.52883273,1,0,1000,0,19,False,0
388,-0.226626134,51.45373629,1,0,1000,0,19,False,0
389,-0.236648893,51.45627701,1,0,1000,0,19,False,0
390,-0.030919088,51.43717042,1,0,1000,0,19,False,0
391,-0.09264582,51.53965867,1,0,1000,0,19,False,0
392,-0.151807291,51.55515786,1,0,1000,0,19,False,0
393,-0.082310964,51.45203246,1,0,1000,0,19,False,0
394,-0.194865956,51.51779062,1,0,1000,0,19,False,0
395,-0.091786799,51.5407918,1,0,1000,0,19,False,0
396,-0.028005721,51.52417672,1,0,1000,0,19,False,0
397,-0.196164828,51.49432639,1,0,1000,0,19,False,0
398,-0.11390202,51.43366489,1,0,1000,0,19,False,0
399,-0.014727625,51.52464964,1,0,1000,0,19,False,0
400,-0.207227059,51.47694867,1,0,1000,0,20,False,0
401,-0.139745305,51.4327111,1,0,1000,0,20,False,0
402,-0.104464105,51.49304838,1,0,1000,0,20,False,0
403,-0.182551996,51.54169371,1,0,1000,0,20,False,0
404,-0.04175697,51.51765952,1,0,1000,0,20,False,0
405,-0.090922644,51.42841594,1,0,1000,0,20,False,0
406,-0.192579974,51.50616896,1,0,1000,0,20,False,0
407,-0.107758563,51.56157373,1,0,1000,0,20,False,0
408,-0.080104149,51.57200222,1,0,1000,0,20,False,0
409,-0.15145184,51.45068548,1,0,1000,0,20,False,0
410,-0.122427204,51.57372111,1,0,1000,0,20,False,0
411,-0.115222685,51.53269313,1,0,1000,0,20,False,0
412,-0.050794488,51.52576167,1,0,1000,0,20,False,0
413,-0.06825432,51.45591279,1,0,1000,0,20,False,0
414,-0.145449797,51.45074136,1,0,1000,0,20,False,0
415,-0.0709724,51.45988545,1,0,1000,0,20,False,0
416,-0.129673429,51.55145215,1,0,1000,0,20,False,0
417,-0.225446825,51.45373457,1,0,1000,0,20,False,0
418,-0.058906115,51.46301948,1,0,1000,0,20,False,0
419,-0.129176116,51.4211392,1,0,1000,0,20,False,0
420,-0.002774009,51.43203892,1,0,1000,0,21,False,0
421,-0.140115903,51.55825745,1,0,1000,0,21,False,0
422,-0.110854375,51.43137707,1,0,1000,0,21,False,0
423,-0.21142128,51.49854765,1,0,1000,0,21,False,0
424,-0.06901551,51.47728213,1,0,1000,0,21,False,0
425,-0.181693149,51.49967654,1,0,1000,0,21,False,0
426,-0.124570218,51.46422178,1,0,1000,0,21,False,0
427,-0.238983004,51.45943807,1,0,1000,0,21,False,0
428,-0.050600224,51.53938941,1,0,1000,0,21,False,0
429,-0.017900167,51.43890966,1,0,1000,0,21,False,0
430,-0.12115201,51.46797104,1,0,1000,0,21,False,0
431,-0.183623834,51.53688066,1,0,1000,0,21,False,0
432,-0.209196898,51.49014783,1,0,1000,0,21,False,0
433,-0.167767554,51.51734489,1,0,1000,0,21,False,0
434,-0.163858039,51.45523479,1,0,1000,0,21,False,0
435,-0.021761367,51.47241844,1,0,1000,0,21,False,0
436,-0.110885969,51.53146537,1,0,1000,0,21,False,0
437,-0.010884399,51.45941556,1,0,1000,0,21,False,0
438,-0.104154501,51.43365138,1,0,1000,0,21,False,0
439,-0.104308374,51.46740654,1,0,1000,0,21,False,0
440,-0.061437679,51.53755241,1,0,1000,0,22,False,0
441,-0.026195552,51.49727046,1,0,1000,0,22,False,0
442,-0.139877561,51.44315227,1,0,1000,0,22,False,0
443,-0.20521391,51.48641612,1,0,1000,0,22,False,0
444,-0.186916762,51.51887193,1,0,1000,0,22,False,0
445,-0.116287383,51.433255,1,0,1000,0,22,False,0
446,-0.020822456,51.46709824,1,0,1000,0,22,False,0
447,-0.118806665,51.45459173,1,0,1000,0,22,False,0
448,-0.099955999,51.48036696,1,0,1000,0,22,False,0
449,-0.132328382,51.48787827,1,0,1000,0,22,False,0
450,-0.016921896,51.49601872,1,0,1000,0,22,False,0
451,-0.172173432,51.49395403,1,0,1000,0,22,False,0
452,-0.025993478,51.5345517,1,0,1000,0,22,False,0
453,-0.126386591,51.5258404,1,0,1000,0,22,False,0
454,-0.115045023,51.54074776,1,0,1000,0,22,False,0
455,-0.050552038,51.55623742,1,0,1000,0,22,False,0
456,-0.053741846,51.51609124,1,0,1000,0,22,False,0
457,-0.154627096,51.49686223,1,0,1000,0,22,False,0
458,-0.009416349,51.45768132,1,0,1000,0,22,False,0
459,-0.063335909,51.50212558,1,0,1000,0,22,False,0
460,-0.151028464,51.5175632,1,0,1000,0,23,False,0
461,-0.068932519,51.53947484,1,0,1000,0,23,False,0
462,-0.105845523,51.5502477,1,0,1000,0,23,False,0
463,-0.190385431,51.54976499,1,0,1000,0,23,False,0
464,-0.183653914,51.46192934,1,0,1000,0,23,False,0
465,-0.167339506,51.46207857,1,0,1000,0,23,False,0
466,-0.11250688,51.53404051,1,0,1000,0,23,False,0
467,-0.120967433,51.45880027,1,0,1000,0,23,False,0
468,-0.237580038,51.50034366,1,0,1000,0,23,False,0
469,-0.195987363,51.52679888,1,0,1000,0,23,False,0
470,-0.120479813,51.42397084,1,0,1000,0,23,False,0
471,-0.054688595,51.51264129,1,0,1000,0,23,False,0
472,-0.094376232,51.55888379,1,0,1000,0,23,False,0
473,-0.070420529,51.43160044,1,0,1000,0,23,False,0
474,-0.043534807,51.43800774,1,0,1000,0,23,False,0
475,-0.033284231,51.52355982,1,0,1000,0,23,False,0
476,-0.232382773,51.4637052,1,0,1000,0,23,False,0
477,-0.165703842,51.45888532,1,0,1000,0,23,False,0
478,-0.230145486,51.50402319,1,0,1000,0,23,False,0
479,-0.199267478,51.44059354,1,0,1000,0,23,False,0
480,-0.012083998,51.47129425,1,0,1000,0,24,False,0
481,-0.090750828,51.56434901,1,0,1000,0,24,False,0
482,-0.144568723,51.52397091,1,0,1000,0,24,False,0
483,-0.214359362,51.44275648,1,0,1000,0,24,False,0
484,-0.041328778,51.51889336,1,0,1000,0,24,False,0
485,-0.212321655,51.48308983,1,0,1000,0,24,False,0
486,-0.115952884,51.43409631,1,0,1000,0,24,False,0
487,-0.110312999,51.47249477,1,0,1000,0,24,False,0
488,-0.121216464,51.52771962,1,0,1000,0,24,False,0
489,-0.056145481,51.55053382,1,0,1000,0,24,False,0
490,-0.187053601,51.54927706,1,0,1000,0,24,False,0
491,-0.132350671,51.49670541,1,0,1000,0,24,False,0
492,-0.100534443,51.5593681,1,0,1000,0,24,False,0
493,-0.121932928,51.42209043,1,0,1000,0,24,False,0
494,-0.215836473,51.51813857,1,0,1000,0,24,False,0
495,-0.138567404,51.45333739,1,0,1000,0,24,False,0
496,-0.21648576,51.51542404,1,0,1000,0,24,False,0
497,-0.168715112,51.52859408,1,0,1000,0,24,False,0
498,-0.151832112,51.51389904,1,0,1000,0,24,False,0
499,0.003895303,51.42759018,1,0,1000,0,24,False,0
500,-0.193513633,51.53099947,1,0,1000,0,25,False,0
501,-0.209341891,51.49526152,1,0,1000,0,25,False,0
502,-0.136448991,51.54754131,1,0,1000,0,25,False,0
503,-0.106530253,51.55685533,1,0,1000,0,25,False,0
504,-0.116164949,51.56233338,1,0,1000,0,25,False,0
505,-0.175451701,51.54664361,1,0,1000,0,25,False,0
506,-0.040430671,51.4308729,1,0,1000,0,25,False,0
507,-0.203785578,51.51630421,1,0,1000,0,25,False,0
508,-0.107409369,51.54572375,1,0,1000,0,25,False,0
509,0.027755856,51.42888075,1,0,1000,0,25,False,0
510,-0.181242616,51.45560155,1,0,1000,0,25,False,0
511,-0.140316296,51.48340839,1,0,1000,0,25,False,0
512,-0.208311981,51.53152662,1,0,1000,0,25,False,0
513,-0.067282924,51.57014732,1,0,1000,0,25,False,0
514,-0.083452576,51.44149721,1,0,1000,0,25,False,0
515,-0.115351772,51.55189192,1,0,1000,0,25,False,0
516,-0.021441327,51.52851404,1,0,1000,0,25,False,0
517,-0.098595846,51.53700953,1,0,1000,0,25,False,0
518,-0.063950539,51.54603656,1,0,1000,0,25,False,0
519,-0.098826619,51.43433504,1,0,1000,0,25,False,0
520,-0.060819846,51.43363037,1,0,1000,0,26,False,0
521,-0.130174921,51.43600135,1,0,1000,0,26,False,0
522,-0.094773205,51.49729801,1,0,1000,0,26,False,0
523,-0.118791244,51.53849352,1,0,1000,0,26,False,0
524,-0.242511993,51.50769718,1,0,1000,0,26,False,0
525,-0.152260049,51.44019894,1,0,1000,0,26,False,0
526,-0.087538914,51.46484411,1,0,1000,0,26,False,0
527,-0.253333813,51.50384217,1,0,1000,0,26,False,0
528,-0.062300305,51.54272663,1,0,1000,0,26,False,0
529,-0.116356679,51.52299111,1,0,1000,0,26,False,0
530,-0.099238686,51.54769709,1,0,1000,0,26,False,0
531,-0.030378575,51.48838126,1,0,1000,0,26,False,0
532,-0.156269075,51.54964036,1,0,1000,0,26,False,0
533,-0.127285119,51.44014136,1,0,1000,0,26,False,0
534,-0.193685232,51.50385858,1,0,1000,0,26,False,0
535,-0.106103082,51.44582177,1,0,1000,0,26,False,0
536,-0.200778717,51.5247731,1,0,1000,0,26,False,0
537,-0.170691025,51.51680819,1,0,1000,0,26,False,0
538,-0.165461282,51.5470405,1,0,1000,0,26,False,0
539,-0.143045615,51.42183816,1,0,1000,0,26,False,0
540,-0.046499303,51.53878534,1,0,1000,0,27,False,0
541,-0.041338723,51.43924947,1,0,1000,0,27,False,0
542,-0.208397315,51.48974383,1,0,1000,0,27,False,0
543,-0.123637086,51.56821518,1,0,1000,0,27,False,0
544,-0.046468896,51.4487649,1,0,1000,0,27,False,0
545,-0.150331449,51.43995776,1,0,1000,0,27,False,0
546,-0.048719079,51.56393844,1,0,1000,0,27,False,0
547,-0.053691784,51.55961474,1,0,1000,0,27,False,0
548,-0.023130634,51.47410255,1,0,1000,0,27,False,0
549,-0.159952792,51.44028309,1,0,1000,0,27,False,0
550,-0.164192708,51.55403295,1,0,1000,0,27,False,0
551,-0.132491647,51.46386811,1,0,1000,0,27,False,0
552,-0.156236096,51.42641277,1,0,1000,0,27,False,0
553,-0.222583173,51.48345576,1,0,1000,0,27,False,0
554,-0.058400373,51.56427724,1,0,1000,0,27,False,0
555,-0.206172335,51.51203645,1,0,1000,0,27,False,0
556,-0.080463161,51.5371178,1,0,1000,0,27,False,0
557,-0.190371516,51.49144386,1,0,1000,0,27,False,0
558,-0.108861124,51.45606094,1,0,1000,0,27,False,0
559,-0.174892293,51.48191184,1,0,1000,0,27,False,0
560,-0.008568349,51.44917994,1,0,1000,0,28,False,0
561,-0.086358702,51.4274339,1,0,1000,0,28,False,0
562,-0.197102204,51.49135877,1,0,1000,0,28,False,0
563,-0.131697639,51.5574888,1,0,1000,0,28,False,0
564,-0.065342023,51.43360657,1,0,1000,0,28,False,0
565,-0.021584876,51.51114508,1,0,1000,0,28,False,0
566,-0.100178161,51.43802557,1,0,1000,0,28,False,0
567,-0.200935795,51.51250291,1,0,1000,0,28,False,0
568,-0.161216732,51.42897084,1,0,1000,0,28,False,0
569,-0.116643286,51.47317339,1,0,1000,0,28,False,0
570,-0.193758039,51.55308695,1,0,1000,0,28,False,0
571,-0.013100993,51.44181354,1,0,1000,0,28,False,0
572,-0.200319758,51.51810697,1,0,1000,0,28,False,0
573,-0.112061016,51.48888149,1,0,1000,0,28,False,0
574,-0.07214221,51.47052393,1,0,1000,0,28,False,0
575,-0.004861361,51.51282525,1,0,1000,0,28,False,0
576,-0.046889426,51.4971025,1,0,1000,0,28,False,0
577,-0.200833805,51.52975779,1,0,1000,0,28,False,0
578,-0.000610255,51.45764454,1,0,1000,0,28,False,0
579,-0.108999056,51.56234203,1,0,1000,0,28,False,0
580,-0.147290088,51.49524837,1,0,1000,0,29,False,0
581,-0.177212022,51.47168402,1,0,1000,0,29,False,0
582,-0.251398796,51.50218273,1,0,1000,0,29,False,0
583,-0.132103525,51.48949023,1,0,1000,0,29,False,0
584,-0.170840926,51.48444551,1,0,1000,0,29,False,0
585,-0.133468052,51.48907186,1,0,1000,0,29,False,0
586,-0.101363365,51.44862929,1,0,1000,0,29,False,0
587,-0.041247958,51.46283328,1,0,1000,0,29,False,0
588,-0.126416537,51.55414461,1,0,1000,0,29,False,0
589,-0.205239673,51.4927895,1,0,1000,0,29,False,0
590,-0.203738658,51.45240719,1,0,1000,0,29,False,0
591,-0.155721428,51.47279117,1,0,1000,0,29,False,0
592,-0.245811725,51.51620815,1,0,1000,0,29,False,0
593,-0.159429251,51.55245291,1,0,1000,0,29,False,0
594,-0.031657858,51.51394462,1,0,1000,0,29,False,0
595,-0.141568145,51.54455306,1,0,1000,0,29,False,0
596,-0.083372559,51.46060166,1,0,1000,0,29,False,0
597,-0.1864453,51.5421766,1,0,1000,0,29,False,0
598,-0.059950111,51.56768438,1,0,1000,0,29,False,0
599,-0.215038338,51.53072016,1,0,1000,0,29,False,0
600,-0.121651494,51.56686574,1,0,1000,0,30,False,0
601,-0.175320316,51.53146676,1,0,1000,0,30,False,0
602,-0.050127186,51.43529228,1,0,1000,0,30,False,0
603,-0.176039725,51.50010952,1,0,1000,0,30,False,0
604,-0.033162328,51.52971395,1,0,1000,0,30,False,0
605,-0.025683356,51.53322889,1,0,1000,0,30,False,0
606,-0.066235674,51.56462295,1,0,1000,0,30,False,0
607,-0.252483433,51.50284044,1,0,1000,0,30,False,0
608,-0.191014318,51.55268637,1,0,1000,0,30,False,0
609,-0.09228195,51.52786032,1,0,1000,0,30,False,0
610,-0.244672049,51.51260544,1,0,1000,0,30,False,0
611,-0.063260119,51.53247508,1,0,1000,0,30,False,0
612,-0.071505019,51.49360719,1,0,1000,0,30,False,0
613,-0.203680085,51.47377891,1,0,1000,0,30,False,0
614,-0.100699183,51.53440664,1,0,1000,0,30,False,0
615,-0.072449092,51.52596134,1,0,1000,0,30,False,0
616,-0.134449548,51.4894895,1,0,1000,0,30,False,0
617,-0.05595565,51.52757106,1,0,1000,0,30,False,0
618,-0.050414315,51.56377912,1,0,1000,0,30,False,0
619,-0.057027395,51.47383435,1,0,1000,0,30,False,0
620,-0.082231241,51.48561428,1,0,1000,0,31,False,0
621,-0.118174064,51.5228009,1,0,1000,0,31,False,0
622,-0.112778373,51.52222782,1,0,1000,0,31,False,0
623,-0.140929445,51.51938236,1,0,1000,0,31,False,0
624,-0.204950774,51.50231253,1,0,1000,0,31,False,0
625,-0.035161198,51.54048088,1,0,1000,0,31,False,0
626,-0.003539645,51.44390281,1,0,1000,0,31,False,0
627,-0.006637797,51.48947675,1,0,1000,0,31,False,0
628,-0.057666326,51.47425702,1,0,1000,0,31,False,0
629,-0.205639988,51.52287864,1,0,1000,0,31,False,0
630,-0.06358583,51.49273121,1,0,1000,0,31,False,0
631,-0.073004001,51.5613593,1,0,1000,0,31,False,0
632,-0.160658698,51.49954871,1,0,1000,0,31,False,0
633,-0.202031567,51.4751534,1,0,1000,0,31,False,0
634,-0.177265777,51.54956916,1,0,1000,0,31,False,0
635,-0.142141027,51.48848586,1,0,1000,0,31,False,0
636,-0.211566905,51.53113499,1,0,1000,0,31,False,0
637,-0.06378835,51.47070787,1,0,1000,0,31,False,0
638,-0.216596527,51.4597316,1,0,1000,0,31,False,0
639,-0.038265932,51.55489756,1,0,1000,0,31,False,0
640,-0.062393806,51.56610038,1,0,1000,0,32,False,0
641,-0.023648958,51.47041751,1,0,1000,0,32,False,0
642,-0.172343226,51.46904244,1,0,1000,0,32,False,0
643,-0.021790221,51.44988925,1,0,1000,0,32,False,0
644,-0.200685969,51.45715342,1,0,1000,0,32,False,0
645,-0.059792151,51.53405819,1,0,1000,0,32,False,0
646,-0.083532562,51.4989477,1,0,1000,0,32,False,0
647,-0.119998118,51.5371126,1,0,1000,0,32,False,0
648,-0.196347615,51.52240576,1,0,1000,0,32,False,0
649,-0.206276313,51.45750905,1,0,1000,0,32,False,0
650,-0.112220488,51.43132752,1,0,1000,0,32,False,0
651,-0.171473769,51.50018221,1,0,1000,0,32,False,0
652,-0.058718398,51.44118685,1,0,1000,0,32,False,0
653,-0.164799352,51.45465871,1,0,1000,0,32,False,0
654,-0.026682502,51.52154621,1,0,1000,0,32,False,0
655,-0.185699804,51.4513672,1,0,1000,0,32,False,0
656,-0.138944053,51.45065587,1,0,1000,0,32,False,0
657,-0.157295136,51.47073965,1,0,1000,0,32,False,0
658,-0.133166523,51.42083872,1,0,1000,0,32,False,0
659,-0.211836743,51.49084623,1,0,1000,0,32,False,0
660,-0.244476158,51.43432439,1,0,1000,0,33,False,0
661,-0.082595999,51.55766346,1,0,1000,0,33,False,0
662,-0.07933513,51.49825867,1,0,1000,0,33,False,0
663,-0.093247641,51.46957321,1,0,1000,0,33,False,0
664,-0.243292713,51.51084074,1,0,1000,0,33,False,0
665,-0.165686618,51.52629458,1,0,1000,0,33,False,0
666,-0.078459901,51.5331253,1,0,1000,0,33,False,0
667,-0.085627316,51.52342883,1,0,1000,0,33,False,0
668,-0.057808828,51.46006446,1,0,1000,0,33,False,0
669,-0.065084009,51.47852022,1,0,1000,0,33,False,0
670,-0.110132839,51.50026204,1,0,1000,0,33,False,0
671,-0.200499154,51.55349727,1,0,1000,0,33,False,0
672,-0.1088825,51.42959234,1,0,1000,0,33,False,0
673,0.012988972,51.44022714,1,0,1000,0,33,False,0
674,-0.039720803,51.51296348,1,0,1000,0,33,False,0
675,-0.153056967,51.42799517,1,0,1000,0,33,False,0
676,-0.218932547,51.48038066,1,0,1000,0,33,False,0
677,-0.014917031,51.48678923,1,0,1000,0,33,False,0
678,-0.00982919,51.44304706,1,0,1000,0,33,False,0
679,-0.067860986,51.46488971,1,0,1000,0,33,False,0
680,-0.118658542,51.52147687,1,0,1000,0,34,False,0
681,-0.012260193,51.4259288,1,0,1000,0,34,False,0
682,-0.075779901,51.46688241,1,0,1000,0,34,False,0
683,-0.040507991,51.46761472,1,0,1000,0,34,False,0
684,-0.18718811,51.52877283,1,0,1000,0,34,False,0
685,-0.229836044,51.50785535,1,0,1000,0,34,False,0
686,-0.125733355,51.46064613,1,0,1000,0,34,False,0
687,-0.114198338,51.49100171,1,0,1000,0,34,False,0
688,-0.144327342,51.41480518,1,0,1000,0,34,False,0
689,0.004294002,51.4569669,1,0,1000,0,34,False,0
690,-0.095528213,51.43627882,1,0,1000,0,34,False,0
691,-0.029179967,51.54486432,1,0,1000,0,34,False,0
692,-0.185028154,51.55800766,1,0,1000,0,34,False,0
693,-0.19361218,51.44282992,1,0,1000,0,34,False,0
694,-0.217469092,51.44365336,1,0,1000,0,34,False,0
695,-0.233332865,51.45656403,1,0,1000,0,34,False,0
696,-0.114609721,51.53032435,1,0,1000,0,34,False,0
697,-0.203084394,51.47491695,1,0,1000,0,34,False,0
698,-0.24086926,51.50366891,1,0,1000,0,34,False,0
699,-0.052689425,51.46774751,1,0,1000,0,34,False,0
700,-0.096359044,51.48609921,1,0,1000,0,35,False,0
701,-0.160526469,51.5239262,1,0,1000,0,35,False,0
702,-0.145087696,51.54478387,1,0,1000,0,35,False,0
703,-0.124809138,51.47265165,1,0,1000,0,35,False,0
704,-0.15051033,51.4678746,1,0,1000,0,35,False,0
705,-0.040353316,51.5453948,1,0,1000,0,35,False,0
706,-0.158385646,51.55160731,1,0,1000,0,35,False,0
707,-0.072491544,51.49764411,1,0,1000,0,35,False,0
708,-0.121313004,51.53232639,1,0,1000,0,35,False,0
709,-0.136447641,51.41345526,1,0,1000,0,35,False,0
710,-0.214787206,51.4996599,1,0,1000,0,35,False,0
711,-0.158760277,51.50190275,1,0,1000,0,35,False,0
712,-0.149623383,51.54852987,1,0,1000,0,35,False,0
713,-0.039914916,51.51934047,1,0,1000,0,35,False,0
714,-0.167381896,51.46027579,1,0,1000,0,35,False,0
715,-0.080405075,51.54795632,1,0,1000,0,35,False,0
716,-0.218068389,51.51403552,1,0,1000,0,35,False,0
717,-0.085908702,51.54576521,1,0,1000,0,35,False,0
718,-0.030361001,51.53695313,1,0,1000,0,35,False,0
719,-0.146848372,51.55717688,1,0,1000,0,35,False,0
720,-0.196095012,51.44525447,1,0,1000,0,36,False,0
721,-0.058739733,51.43679015,1,0,1000,0,36,False,0
722,-0.116855578,51.45275754,1,0,1000,0,36,False,0
723,-0.037941388,51.5100205,1,0,1000,0,36,False,0
724,-0.030497973,51.50855965,1,0,1000,0,36,False,0
725,-0.135041764,51.56003097,1,0,1000,0,36,False,0
726,-0.160940389,51.54469927,1,0,1000,0,36,False,0
727,-0.063155321,51.43134464,1,0,1000,0,36,False,0
728,-0.22029409,51.46711352,1,0,1000,0,36,False,0
729,-0.117045044,51.47875607,1,0,1000,0,36,False,0
730,-0.185228992,51.53072922,1,0,1000,0,36,False,0
731,-0.114425343,51.50140314,1,0,1000,0,36,False,0
732,-0.09298194,51.49994029,1,0,1000,0,36,False,0
733,-0.064576055,51.42877602,1,0,1000,0,36,False,0
734,-0.164909334,51.47333423,1,0,1000,0,36,False,0
735,-0.105231477,51.46084904,1,0,1000,0,36,False,0
736,-0.167969434,51.52502017,1,0,1000,0,36,False,0
737,-0.118424409,51.46952619,1,0,1000,0,36,False,0
738,-0.050814611,51.5297617,1,0,1000,0,36,False,0
739,-0.122674366,51.57377734,1,0,1000,0,36,False,0
740,-0.028716841,51.51909951,1,0,1000,0,37,False,0
741,-0.037023364,51.45894967,1,0,1000,0,37,False,0
742,-0.188285477,51.45386687,1,0,1000,0,37,False,0
743,-0.05238766,51.53970005,1,0,1000,0,37,False,0
744,-0.11018016,51.47887891,1,0,1000,0,37,False,0
745,-0.049840657,51.45808688,1,0,1000,0,37,False,0
746,-0.07198379,51.54972651,1,0,1000,0,37,False,0
747,-0.069682758,51.54913344,1,0,1000,0,37,False,0
748,-0.039139015,51.54910577,1,0,1000,0,37,False,0
749,-0.233961883,51.51008985,1,0,1000,0,37,False,0
750,-0.226983253,51.45417022,1,0,1000,0,37,False,0
751,-0.094749322,51.54298195,1,0,1000,0,37,False,0
752,-0.198712971,51.52611931,1,0,1000,0,37,False,0
753,-0.235026395,51.50543684,1,0,1000,0,37,False,0
754,-0.184387616,51.49417237,1,0,1000,0,37,False,0
755,-0.231177374,51.50020065,1,0,1000,0,37,False,0
756,-0.046092282,51.43282993,1,0,1000,0,37,False,0
757,-0.225507393,51.50108686,1,0,1000,0,37,False,0
758,-0.191897863,51.44473741,1,0,1000,0,37,False,0
759,-0.045949853,51.4853525,1,0,1000,0,37,False,0
760,-0.151739605,51.44079628,1,0,1000,0,38,False,0
761,-0.117581729,51.45039363,1,0,1000,0,38,False,0
762,-0.172875928,51.46912512,1,0,1000,0,38,False,0
763,-0.216358854,51.50062975,1,0,1000,0,38,False,0
764,-0.200896141,51.44551739,1,0,1000,0,38,False,0
765,-0.207167581,51.48362153,1,0,1000,0,38,False,0
766,-0.048960979,51.43193206,1,0,1000,0,38,False,0
767,-0.09434777,51.52713654,1,0,1000,0,38,False,0
768,-0.027739434,51.54803952,1,0,1000,0,38,False,0
769,-0.06925358,51.46623848,1,0,1000,0,38,False,0
770,-0.217173977,51.50212078,1,0,1000,0,38,False,0
771,-0.114465562,51.55856586,1,0,1000,0,38,False,0
772,-0.144581894,51.48995482,1,0,1000,0,38,False,0
773,-0.047923095,51.44116172,1,0,1000,0,38,False,0
774,-0.231491318,51.50047596,1,0,1000,0,38,False,0
775,-0.095759228,51.498928,1,0,1000,0,38,False,0
776,-0.035708704,51.51467083,1,0,1000,0,38,False,0
777,-0.145047064,51.49470366,1,0,1000,0,38,False,0
778,-0.03914614,51.55451669,1,0,1000,0,38,False,0
779,-0.144585811,51.52717637,1,0,1000,0,38,False,0
780,-0.166144202,51.43965714,1,0,1000,0,39,False,0
781,-0.025409498,51.46543213,1,0,1000,0,39,False,0
782,-0.22203588,51.45382867,1,0,1000,0,39,False,0
783,-0.193918668,51.5095232,1,0,1000,0,39,False,0
784,-0.186879561,51.51091875,1,0,1000,0,39,False,0
785,-0.118742993,51.51778966,1,0,1000,0,39,False,0
786,-0.227850035,51.49933572,1,0,1000,0,39,False,0
787,-0.167214342,51.4649176,1,0,1000,0,39,False,0
788,-0.1483828,51.54624905,1,0,1000,0,39,False,0
789,-0.140764326,51.54007451,1,0,1000,0,39,False,0
790,-0.119419264,51.47635335,1,0,1000,0,39,False,0
791,-0.122479814,51.54815194,1,0,1000,0,39,False,0
792,-0.065509706,51.55330454,1,0,1000,0,39,False,0
793,0.02760903,51.4411859,1,0,1000,0,39,False,0
794,-0.034346842,51.53258005,1,0,1000,0,39,False,0
795,-0.065249108,51.45336219,1,0,1000,0,39,False,0
796,-0.153276813,51.44067267,1,0,1000,0,39,False,0
797,-0.19933065,51.5437638,1,0,1000,0,39,False,0
798,-0.195163078,51.54870617,1,0,1000,0,39,False,0
799,-0.139061276,51.49241975,1,0,1000,0,39,False,0
800,-0.120808451,51.44856242,1,0,1000,0,40,False,0
801,-0.058201268,51.53682563,1,0,1000,0,40,False,0
802,-0.068409108,51.55974093,1,0,1000,0,40,False,0
803,-0.193177663,51.49886759,1,0,1000,0,40,False,0
804,-0.052628238,51.54889734,1,0,1000,0,40,False,0
805,-0.07216426,51.4743079,1,0,1000,0,40,False,0
806,-0.140907417,51.4566009,1,0,1000,0,40,False,0
807,-0.157640275,51.43375851,1,0,1000,0,40,False,0
808,-0.064473513,51.43132796,1,0,1000,0,40,False,0
809,-0.121185271,51.51384435,1,0,1000,0,40,False,0
810,-0.179248863,51.46133211,1,0,1000,0,40,False,0
811,-0.172976864,51.47383565,1,0,1000,0,40,False,0
812,-0.12695042,51.51344182,1,0,1000,0,40,False,0
813,-0.147711765,51.47139569,1,0,1000,0,40,False,0
814,-0.189636389,51.48711574,1,0,1000,0,40,False,0
815,-0.152857661,51.46513555,1,0,1000,0,40,False,0
816,-0.119527292,51.42800899,1,0,1000,0,40,False,0
817,-0.122091848,51.48020644,1,0,1000,0,40,False,0
818,-0.181369063,51.49002152,1,0,1000,0,40,False,0
819,-0.103057375,51.50225075,1,0,1000,0,40,False,0
820,-0.145712348,51.49047102,1,0,1000,0,41,False,0
821,-0.156735786,51.42549894,1,0,1000,0,41,False,0
822,-0.074617648,51.52851326,1,0,1000,0,41,False,0
823,-0.175178692,51.49046972,1,0,1000,0,41,False,0
824,-0.103371895,51.51959371,1,0,1000,0,41,False,0
825,-0.190684751,51.51472916,1,0,1000,0,41,False,0
826,-0.18476178,51.54371875,1,0,1000,0,41,False,0
827,-0.202275843,51.49420683,1,0,1000,0,41,False,0
828,-0.129355129,51.54779455,1,0,1000,0,41,False,0
829,-0.167636809,51.49174551,1,0,1000,0,41,False,0
830,-0.064183088,51.49896637,1,0,1000,0,41,False,0
831,-0.128888559,51.49418684,1,0,1000,0,41,False,0
832,-0.002626274,51.43814853,1,0,1000,0,41,False,0
833,-0.186247091,51.53137175,1,0,1000,0,41,False,0
834,-0.159931119,51.52170024,1,0,1000,0,41,False,0
835,-0.21475053,51.4809942,1,0,1000,0,41,False,0
836,-0.048200205,51.50514136,1,0,1000,0,41,False,0
837,-0.141065629,51.47797903,1,0,1000,0,41,False,0
838,-0.044039807,51.55319018,1,0,1000,0,41,False,0
839,-0.222861835,51.48624483,1,0,1000,0,41,False,0
840,-0.128122929,51.47456243,1,0,1000,0,42,False,0
841,-0.195892189,51.50661372,1,0,1000,0,42,False,0
842,-0.156785845,51.43952587,1,0,1000,0,42,False,0
843,-0.208026422,51.48905055,1,0,1000,0,42,False,0
844,-0.237117145,51.50773264,1,0,1000,0,42,False,0
845,-0.052385622,51.47715939,1,0,1000,0,42,False,0
846,-0.085413952,51.57363823,1,0,1000,0,42,False,0
847,-0.134576224,51.54174038,1,0,1000,0,42,False,0
848,-0.243413853,51.51436233,1,0,1000,0,42,False,0
849,-0.091257601,51.47936508,1,0,1000,0,42,False,0
850,-0.126232819,51.47336159,1,0,1000,0,42,False,0
851,-0.155458075,51.52013477,1,0,1000,0,42,False,0
852,-0.154181145,51.53896253,1,0,1000,0,42,False,0
853,-0.047550282,51.43820834,1,0,1000,0,42,False,0
854,-0.049338235,51.54083946,1,0,1000,0,42,False,0
855,-0.119441354,51.54788853,1,0,1000,0,42,False,0
856,-0.029766691,51.52084741,1,0,1000,0,42,False,0
857,-0.091210929,51.42810294,1,0,1000,0,42,False,0
858,-0.212469767,51.51356162,1,0,1000,0,42,False,0
859,-0.167861617,51.47611292,1,0,1000,0,42,False,0
860,-0.0781422,51.51982263,1,0,1000,0,43,False,0
861,-0.113797129,51.54304806,1,0,1000,0,43,False,0
862,-0.133237107,51.5298232,1,0,1000,0,43,False,0
863,-0.105192143,51.45860705,1,0,1000,0,43,False,0
864,-0.14466466,51.42032964,1,0,1000,0,43,False,0
865,-0.121083004,51.56403739,1,0,1000,0,43,False,0
866,-0.046805638,51.4998828,1,0,1000,0,43,False,0
867,-0.21795224,51.47411623,1,0,1000,0,43,False,0
868,-0.104240442,51.53036655,1,0,1000,0,43,False,0
869,-0.186862002,51.49591271,1,0,1000,0,43,False,0
870,-0.102443958,51.55234266,1,0,1000,0,43,False,0
871,-0.178743556,51.48634366,1,0,1000,0,43,False,0
872,-0.104687531,51.55573394,1,0,1000,0,43,False,0
873,-0.064883512,51.57397506,1,0,1000,0,43,False,0
874,-0.027121673,51.4283838,1,0,1000,0,43,False,0
875,-0.006498429,51.45711019,1,0,1000,0,43,False,0
876,-0.220291673,51.44306822,1,0,1000,0,43,False,0
877,-0.025462082,51.45564651,1,0,1000,0,43,False,0
878,-0.025649663,51.49201908,1,0,1000,0,43,False,0
879,-0.102701264,51.50092264,1,0,1000,0,43,False,0
880,-0.214646447,51.50328131,1,0,1000,0,44,False,0
881,-0.184532266,51.44751136,1,0,1000,0,44,False,0
882,-0.120064844,51.44421334,1,0,1000,0,44,False,0
883,-0.055948989,51.55148413,1,0,1000,0,44,False,0
884,-0.120982426,51.52785203,1,0,1000,0,44,False,0
885,-0.116300506,51.52310376,1,0,1000,0,44,False,0
886,-0.043514275,51.42935641,1,0,1000,0,44,False,0
887,-0.040573324,51.52174736,1,0,1000,0,44,False,0
888,-0.017807562,51.51752586,1,0,1000,0,44,False,0
889,-0.046601682,51.52684998,1,0,1000,0,44,False,0
890,-0.222540633,51.50613985,1,0,1000,0,44,False,0
891,-0.155252467,51.47364114,1,0,1000,0,44,False,0
892,-0.125860866,51.41696082,1,0,1000,0,44,False,0
893,-0.058559066,51.46641602,1,0,1000,0,44,False,0
894,-0.031807176,51.51002628,1,0,1000,0,44,False,0
895,-0.208266061,51.47785729,1,0,1000,0,44,False,0
896,-0.095986541,51.43434334,1,0,1000,0,44,False,0
897,-0.169545435,51.48325591,1,0,1000,0,44,False,0
898,-0.077405134,51.55373484,1,0,1000,0,44,False,0
899,-0.131565694,51.50290652,1,0,1000,0,44,False,0
900,-0.142668114,51.53308464,1,0,1000,0,45,False,0
901,-0.16593963,51.54746099,1,0,1000,0,45,False,0
902,-0.020262957,51.53135236,1,0,1000,0,45,False,0
903,-0.106315324,51.52817658,1,0,1000,0,45,False,0
904,-0.089460196,51.50444939,1,0,1000,0,45,False,0
905,-0.187735631,51.45020217,1,0,1000,0,45,False,0
906,-0.081014948,51.47840675,1,0,1000,0,45,False,0
907,-0.151158291,51.43634035,1,0,1000,0,45,False,0
908,-0.103908027,51.52885125,1,0,1000,0,45,False,0
909,-0.055152119,51.56568676,1,0,1000,0,45,False,0
910,-0.079044123,51.42484576,1,0,1000,0,45,False,0
911,-0.127674468,51.47908398,1,0,1000,0,45,False,0
912,-0.099028362,51.43073197,1,0,1000,0,45,False,0
913,-0.123473677,51.44750238,1,0,1000,0,45,False,0
914,-0.025796422,51.49732353,1,0,1000,0,45,False,0
915,-0.081517716,51.43144834,1,0,1000,0,45,False,0
916,-0.107032464,51.43646534,1,0,1000,0,45,False,0
917,-0.148598907,51.44763183,1,0,1000,0,45,False,0
918,-0.119656032,51.55711974,1,0,1000,0,45,False,0
919,-0.13132992,51.57169039,1,0,1000,0,45,False,0
920,-0.118026355,51.5694417,1,0,1000,0,46,False,0
921,-0.12029693,51.45583955,1,0,1000,0,46,False,0
922,-0.139117969,51.43309305,1,0,1000,0,46,False,0
923,-0.161583251,51.5172015,1,0,1000,0,46,False,0
924,-0.243278013,51.51722454,1,0,1000,0,46,False,0
925,-0.161505894,51.48876958,1,0,1000,0,46,False,0
926,-0.21493515,51.46494513,1,0,1000,0,46,False,0
927,-0.197322949,51.45910675,1,0,1000,0,46,False,0
928,-0.014774688,51.51536941,1,0,1000,0,46,False,0
929,-0.070557157,51.4982981,1,0,1000,0,46,False,0
930,-0.006933522,51.46395795,1,0,1000,0,46,False,0
931,-0.188072371,51.49283922,1,0,1000,0,46,False,0
932,-0.080798659,51.52416292,1,0,1000,0,46,False,0
933,-0.239950233,51.50403334,1,0,1000,0,46,False,0
934,-0.141760948,51.52701608,1,0,1000,0,46,False,0
935,-0.088771037,51.48705531,1,0,1000,0,46,False,0
936,-0.197960323,51.50400769,1,0,1000,0,46,False,0
937,-0.065726427,51.54557672,1,0,1000,0,46,False,0
938,-0.051028591,51.52401815,1,0,1000,0,46,False,0
939,-0.166074345,51.51331347,1,0,1000,0,46,False,0
940,-0.166122249,51.48525322,1,0,1000,0,47,False,0
941,-0.196955899,51.44546959,1,0,1000,0,47,False,0
942,-0.013715324,51.45489308,1,0,1000,0,47,False,0
943,-0.032391335,51.55107387,1,0,1000,0,47,False,0
944,-0.076450823,51.52842099,1,0,1000,0,47,False,0
945,-0.063745526,51.45299679,1,0,1000,0,47,False,0
946,-0.163296119,51.50692011,1,0,1000,0,47,False,0
947,-0.075133269,51.46592545,1,0,1000,0,47,False,0
948,-0.106614268,51.43975592,1,0,1000,0,47,False,0
949,-0.142662278,51.49256526,1,0,1000,0,47,False,0
950,-0.080815132,51.48962556,1,0,1000,0,47,False,0
951,-0.015856332,51.520207,1,0,1000,0,47,False,0
952,-0.254401298,51.46243103,1,0,1000,0,47,False,0
953,-0.105449425,51.55491504,1,0,1000,0,47,False,0
954,-0.126201777,51.46651272,1,0,1000,0,47,False,0
955,-0.201447703,51.53191544,1,0,1000,0,47,False,0
956,-0.08268373,51.44982415,1,0,1000,0,47,False,0
957,-0.189006901,51.53362111,1,0,1000,0,47,False,0
958,-0.246853817,51.51544025,1,0,1000,0,47,False,0
959,-0.065427391,51.45273771,1,0,1000,0,47,False,0
960,-0.199838189,51.50058235,1,0,1000,0,48,False,0
961,-0.194082319,51.51130891,1,0,1000,0,48,False,0
962,-0.095879986,51.48467551,1,0,1000,0,48,False,0
963,-0.187996511,51.51259919,1,0,1000,0,48,False,0
964,-0.025008601,51.52563639,1,0,1000,0,48,False,0
965,-0.210579297,51.52768009,1,0,1000,0,48,False,0
966,-0.118378269,51.46952248,1,0,1000,0,48,False,0
967,-0.099573652,51.46397972,1,0,1000,0,48,False,0
968,-0.211428445,51.5055506,1,0,1000,0,48,False,0
969,-0.063639368,51.56136733,1,0,1000,0,48,False,0
970,-0.165545047,51.45523194,1,0,1000,0,48,False,0
971,-0.163221636,51.42937794,1,0,1000,0,48,False,0
972,-0.077681604,51.43634023,1,0,1000,0,48,False,0
973,-0.086455563,51.49770568,1,0,1000,0,48,False,0
974,-0.074717461,51.54439701,1,0,1000,0,48,False,0
975,-0.20542881,51.48966898,1,0,1000,0,48,False,0
976,-0.058857017,51.45464633,1,0,1000,0,48,False,0
977,-0.146800579,51.48700265,1,0,1000,0,48,False,0
978,-0.223661629,51.48548691,1,0,1000,0,48,False,0
979,-0.164768587,51.46344628,1,0,1000,0,48,False,0
980,-0.180718239,51.48902441,1,0,1000,0,49,False,0
981,-0.155992989,51.5109391,1,0,1000,0,49,False,0
982,-0.20577183,51.49117336,1,0,1000,0,49,False,0
983,-0.174025765,51.47027898,1,0,1000,0,49,False,0
984,-0.103486589,51.48005215,1,0,1000,0,49,False,0
985,-0.041128595,51.43161318,1,0,1000,0,49,False,0
986,-0.089716412,51.49227713,1,0,1000,0,49,False,0
987,-0.060742987,51.51826764,1,0,1000,0,49,False,0
988,-0.167462147,51.4575526,1,0,1000,0,49,False,0
989,-0.128928759,51.5488159,1,0,1000,0,49,False,0
990,-0.203449743,51.45593068,1,0,1000,0,49,False,0
991,-0.216227938,51.45550279,1,0,1000,0,49,False,0
992,-0.201791982,51.44923392,1,0,1000,0,49,False,0
993,-0.154131608,51.45987026,1,0,1000,0,49,False,0
994,-0.08871251,51.53431741,1,0,1000,0,49,False,0
995,-0.042535732,51.42716891,1,0,1000,0,49,False,0
996,-0.091657079,51.49184614,1,0,1000,0,49,False,0
997,-0.035660041,51.44450585,1,0,1000,0,49,False,0
998,-0.065356894,51.51243413,1,0,1000,0,49,False,0
999,-0.243657753,51.49572084,1,0,1000,0,49,False,0
